{
  "$schema": "https://developer.microsoft.com/json-schemas/spfx-build/spfx-serve.schema.json",
  "port": 4321,
  "https": true,
  "serveConfigurations": {
    "default": {
      "pageUrl": "https://1crpby.sharepoint.com/sites/t",
      "customActions": {
        "faaf9ff4-c489-44ba-abe8-fd59d883f328": {
          "location": "ClientSideExtension.ApplicationCustomizer",
          "properties": {
            "testMessage": "Test message"
          }
        }
      }
    },
    "previewChatbot": {
      "pageUrl": "https://1crpby.sharepoint.com/sites/t",
      "customActions": {
        "faaf9ff4-c489-44ba-abe8-fd59d883f328": {
          "location": "ClientSideExtension.ApplicationCustomizer",
          "properties": {
            "testMessage": "Test message"
          }
        }
      }
    }
  }
}
