{
  "$schema": "https://developer.microsoft.com/json-schemas/spfx/client-side-web-part-manifest.schema.json",
  "id": "0e7dd146-f98f-461e-8af1-cf8c899560d9",
  "alias": "ChatbotWebPart",
  "componentType": "WebPart",

  // The "*" signifies that the version should be taken from the package.json
  "version": "*",
  "manifestVersion": 2,

  // If true, the component can only be installed on sites where Custom Script is allowed.
  // Components that allow authors to embed arbitrary script code should set this to true.
  // https://support.office.com/en-us/article/Turn-scripting-capabilities-on-or-off-1f2c515f-5d7e-448a-9fd7-835da935584f
  "requiresCustomScript": false,
  "supportedHosts": ["SharePointWebPart", "TeamsPersonalApp", "TeamsTab", "SharePointFullPage"],
  "supportsThemeVariants": true,

  "preconfiguredEntries": [{
    "groupId": "5c03119e-3074-46fd-976b-c60198311f70",
    "group": { "default": "Advanced" },
    "title": { "default": "Gen AI Chatbot redirect" },
    "description": { "default": "Set properties for the Gen AI Chatbot redirect web part" },
    "officeFabricIconFontName": "Page",
    "properties": {
      "redirectUrl": "url",
      "logoUrl": "url",
      "iconSize": 50
    }
  }]
}
