<?xml version="1.0" encoding="utf-8"?><App xmlns="http://schemas.microsoft.com/sharepoint/2012/app/manifest" Name="preview-chatbot-client-side-solution" ProductID="bae8386f-e107-4a3c-9c60-f7b7f1ed9f41" SharePointMinVersion="16.0.0.0" IsClientSideSolution="true" Version="1.0.0.0" SkipFeatureDeployment="true" IsDomainIsolated="false"><Properties><Title>preview-chatbot-client-side-solution</Title><DeveloperProperties>{&quot;name&quot;:&quot;&quot;,&quot;websiteUrl&quot;:&quot;&quot;,&quot;privacyUrl&quot;:&quot;&quot;,&quot;termsOfUseUrl&quot;:&quot;&quot;,&quot;mpnId&quot;:&quot;Undefined-1.21.1&quot;}</DeveloperProperties><ShortDescription><LocalizedString CultureName="default">preview-chatbot description</LocalizedString></ShortDescription><LongDescription><LocalizedString CultureName="default">preview-chatbot description</LocalizedString></LongDescription><Screenshots></Screenshots></Properties></App>