{
  "$schema": "https://developer.microsoft.com/json-schemas/spfx-build/package-solution.schema.json",
  "solution": {
    "name": "preview-chatbot-client-side-solution",
    "id": "bae8386f-e107-4a3c-9c60-f7b7f1ed9f41",
    "version": "1.0.0.0",
    "includeClientSideAssets": true,
    "skipFeatureDeployment": true,
    "isDomainIsolated": false,
    "developer": {
      "name": "",
      "websiteUrl": "",
      "privacyUrl": "",
      "termsOfUseUrl": "",
      "mpnId": "Undefined-1.21.1"
    },
    "metadata": {
      "shortDescription": {
        "default": "preview-chatbot description"
      },
      "longDescription": {
        "default": "preview-chatbot description"
      },
      "screenshotPaths": [],
      "videoUrl": "",
      "categories": []
    },
    "features": [
      {
        "title": "preview-chatbot Feature",
        "description": "The feature that activates elements of the preview-chatbot solution.",
        "id": "9082f123-89b6-4ff2-9426-148f533f15a4",
        "version": "1.0.0.0"
      }
    ]
  },
  "paths": {
    "zippedPackage": "solution/genai-chatbot.sppkg"
  }
}
