{
  "@microsoft/generator-sharepoint": {
    "plusBeta": false,
    "isCreatingSolution": true,
    "nodeVersion": "22.18.0",
    "sdksVersions": {},
    "version": "1.21.1",
    "libraryName": "preview-chatbot",
    "libraryId": "bae8386f-e107-4a3c-9c60-f7b7f1ed9f41",
    "environment": "spo",
    "packageManager": "npm",
    "solutionName": "preview-chatbot",
    "solutionShortDescription": "preview-chatbot description",
    "skipFeatureDeployment": true,
    "isDomainIsolated": false,
    "componentType": "webpart"
  }
}
