<?xml version="1.0" encoding="utf-8"?><App xmlns="http://schemas.microsoft.com/sharepoint/2012/app/manifest" Name="preview-chatbot-client-side-solution" ProductID="0222bbe2-a612-4b36-a719-d6e99a52948b" SharePointMinVersion="16.0.0.0" IsClientSideSolution="true" Version="1.0.0.0" SkipFeatureDeployment="true" IsDomainIsolated="false"><Properties><Title>preview-chatbot-client-side-solution</Title><DeveloperProperties>{&quot;name&quot;:&quot;&quot;,&quot;websiteUrl&quot;:&quot;&quot;,&quot;privacyUrl&quot;:&quot;&quot;,&quot;termsOfUseUrl&quot;:&quot;&quot;,&quot;mpnId&quot;:&quot;Undefined-1.20.0&quot;}</DeveloperProperties><ShortDescription><LocalizedString CultureName="default">preview-chatbot description</LocalizedString></ShortDescription><LongDescription><LocalizedString CultureName="default">preview-chatbot description</LocalizedString></LongDescription><Screenshots></Screenshots></Properties></App>