{
  "@microsoft/generator-sharepoint": {
    "plusBeta": false,
    "isCreatingSolution": true,
    "nodeVersion": "22.18.0",
    "sdksVersions": {
      "@microsoft/microsoft-graph-client": "3.0.2",
      "@microsoft/teams-js": "2.24.0"
    },
    "version": "1.20.0",
    "libraryName": "preview-chatbot",
    "libraryId": "0222bbe2-a612-4b36-a719-d6e99a52948b",
    "environment": "spo",
    "packageManager": "npm",
    "solutionName": "preview-chatbot",
    "solutionShortDescription": "preview-chatbot description",
    "skipFeatureDeployment": true,
    "isDomainIsolated": false,
    "componentType": "extension",
    "extensionType": "ApplicationCustomizer"
  }
}
