{
  "bundles": {
    "chatbot-web-part": {
      "dependencies": [
        {
          "componentId": "0d910c1c-13b9-4e1c-9aa4-b008c5e42d7d",
          "componentName": "react",
          "componentVersion": "17.0.1",
          "isDirectDependency": true
        },
        {
          "componentId": "aa0a46ec-1505-43cd-a44a-93f3a5aa460a",
          "componentName": "react-dom",
          "componentVersion": "17.0.1",
          "isDirectDependency": true
        },
        {
          "componentId": "7263c7d0-1d6a-45ec-8d85-d4d1d234171b",
          "componentName": "@microsoft/sp-core-library",
          "componentVersion": "1.21.1",
          "isDirectDependency": true
        },
        {
          "componentId": "01c4df03-e775-48cb-aa14-171ee5199a15",
          "componentName": "tslib",
          "componentVersion": "2.3.1",
          "isDirectDependency": false
        },
        {
          "componentId": "2e09fb9b-13bb-48f2-859f-97d6fff71176",
          "componentName": "@ms/odsp-core-bundle",
          "componentVersion": "1.4.353",
          "isDirectDependency": false
        },
        {
          "componentId": "f9e737b7-f0df-4597-ba8c-3060f82380db",
          "componentName": "@microsoft/sp-property-pane",
          "componentVersion": "1.21.1",
          "isDirectDependency": true
        },
        {
          "componentId": "78359e4b-07c2-43c6-8d0b-d060b4d577e8",
          "componentName": "@microsoft/sp-diagnostics",
          "componentVersion": "1.21.1",
          "isDirectDependency": false
        },
        {
          "componentId": "73e1dc6c-8441-42cc-ad47-4bd3659f8a3a",
          "componentName": "@microsoft/sp-lodash-subset",
          "componentVersion": "1.21.1",
          "isDirectDependency": false
        },
        {
          "componentId": "3173fefe-9995-49d1-a75d-a5caeaaba212",
          "componentName": "@ms/sp-pages-content-panel-context",
          "componentVersion": "0.1.0",
          "isDirectDependency": false
        },
        {
          "componentId": "229b8d08-79f3-438b-8c21-4613fc877abd",
          "componentName": "@microsoft/load-themed-styles",
          "componentVersion": "0.1.2",
          "isDirectDependency": false
        },
        {
          "componentId": "63d75709-2785-4c91-97ad-489b171397d4",
          "componentName": "@ms/sp-fluentui-migration-reactdom-render-bundle",
          "componentVersion": "0.1.0",
          "isDirectDependency": false
        },
        {
          "componentId": "cc2cc925-b5be-41bb-880a-f0f8030c6aff",
          "componentName": "@ms/odsp-utilities-bundle",
          "componentVersion": "5.6.353",
          "isDirectDependency": false
        },
        {
          "componentId": "8494e7d7-6b99-47b2-a741-59873e42f16f",
          "componentName": "@ms/sp-component-utilities",
          "componentVersion": "12.68.0",
          "isDirectDependency": false
        },
        {
          "componentId": "8217e442-8ed3-41fd-957d-b112e841286a",
          "componentName": "@ms/sp-telemetry",
          "componentVersion": "0.34.2",
          "isDirectDependency": false
        },
        {
          "componentId": "0ec74f52-38bc-4a51-ab82-7c91a2b399a2",
          "componentName": "@ms/sp-fluentui-v9-utilities-bundle",
          "componentVersion": "0.1.0",
          "isDirectDependency": false
        },
        {
          "componentId": "72ec0651-8a26-441c-87f2-77ec66884ca3",
          "componentName": "@ms/sp-fluentui-v9-react-button-bundle",
          "componentVersion": "0.1.0",
          "isDirectDependency": false
        },
        {
          "componentId": "f652a763-4d5f-4a08-aed3-d3377ef835ff",
          "componentName": "@ms/sp-fluentui-v9-react-menu-bundle",
          "componentVersion": "0.1.0",
          "isDirectDependency": false
        },
        {
          "componentId": "396bbc17-3d18-4f43-8299-d99720d88e22",
          "componentName": "@ms/office-ui-fabric-react-bundle",
          "componentVersion": "1.19.22",
          "isDirectDependency": false
        },
        {
          "componentId": "fab65e60-a04f-4772-874c-10691e4afa4b",
          "componentName": "@ms/sp-fluentui-migration-tooltip-bundle",
          "componentVersion": "0.1.0",
          "isDirectDependency": false
        },
        {
          "componentId": "0ad7e31a-8df9-4659-add8-a32c8e40040d",
          "componentName": "@ms/sp-fluentui-migration-button-bundle",
          "componentVersion": "0.1.0",
          "isDirectDependency": false
        },
        {
          "componentId": "bf211556-3cf0-412c-9618-a4f0e7069ebf",
          "componentName": "@ms/sp-heading-level",
          "componentVersion": "0.1.0",
          "isDirectDependency": false
        },
        {
          "componentId": "ffe5c101-373a-4bd2-bebb-13082852bab0",
          "componentName": "@ms/sp-fluentui-migration-label-bundle",
          "componentVersion": "0.1.0",
          "isDirectDependency": false
        },
        {
          "componentId": "1c6c9123-7aac-41f3-a376-3caea41ed83f",
          "componentName": "@microsoft/sp-loader",
          "componentVersion": "1.21.1",
          "isDirectDependency": false
        },
        {
          "componentId": "8496636c-2300-4915-abef-20de64c98d8b",
          "componentName": "@microsoft/sp-http-base",
          "componentVersion": "1.21.1",
          "isDirectDependency": false
        },
        {
          "componentId": "1c4541f7-5c31-41aa-9fa8-fbc9dc14c0a8",
          "componentName": "@microsoft/sp-page-context",
          "componentVersion": "1.21.1",
          "isDirectDependency": false
        },
        {
          "componentId": "e40f8203-b39d-425a-a957-714852e33b79",
          "componentName": "@microsoft/sp-dynamic-data",
          "componentVersion": "1.21.1",
          "isDirectDependency": false
        },
        {
          "componentId": "974a7777-0990-4136-8fa6-95d80114c2e0",
          "componentName": "@microsoft/sp-webpart-base",
          "componentVersion": "1.21.1",
          "isDirectDependency": true
        },
        {
          "componentId": "467dc675-7cc5-4709-8aac-78e3b71bd2f6",
          "componentName": "@microsoft/sp-component-base",
          "componentVersion": "1.21.1",
          "isDirectDependency": false
        },
        {
          "componentId": "c07208f0-ea3b-4c1a-9965-ac1b825211a6",
          "componentName": "@microsoft/sp-http",
          "componentVersion": "1.21.1",
          "isDirectDependency": false
        },
        {
          "componentId": "aec2bbfd-a968-4d5b-a279-12e570f378e6",
          "componentName": "@microsoft/sp-http-msgraph",
          "componentVersion": "1.21.1",
          "isDirectDependency": false
        },
        {
          "componentId": "6d3c733c-8cb7-4871-bb22-b5b37c1d518d",
          "componentName": "@ms/sp-safehtml",
          "componentVersion": "0.5.0",
          "isDirectDependency": false
        },
        {
          "componentId": "42647dee-1f75-4b9f-b521-5c844a6c35cc",
          "componentName": "@ms/sp-edit-customer-promise",
          "componentVersion": "0.1.0",
          "isDirectDependency": false
        }
      ],
      "asyncChunks": {}
    }
  }
}
